rank,team,record,score,ap_rank,prev_rank,move,move_label,biggest_win,biggest_win_game_points,id
1,Texas Longhorns,4-0,89.84,1,6,5,↑5,"vs #25 Ohio State Buckeyes, 24-23 (Wk 2)",49.91,251
2,Florida Gators,4-0,87.93,16,8,6,↑6,"vs #11 Ole Miss Rebels, 52-28 (Wk 4)",70.65,57
3,Alabama Crimson Tide,4-0,86.38,6,1,-2,↓2,"@ #29 Kentucky Wildcats, 45-17 (Wk 2)",69.09,333
4,Notre Dame Fighting Irish,4-0,83.78,3,5,1,↑1,"vs #24 Wisconsin Badgers (N), 41-13 (Wk 1)",62.58,87
5,Mississippi State Bulldogs,4-0,82.16,17,4,-1,↓1,"vs #32 Missouri Tigers, 31-24 (Wk 4)",38.86,344
6,Oklahoma State Cowboys,3-1,77.27,18,38,32,↑32,"vs #10 Oregon Ducks, 39-31 (Wk 2)",64.88,197
7,UCLA Bruins,4-0,76.52,21,10,3,↑3,"@ #58 Maryland Terrapins, 54-3 (Wk 4)",48.77,26
8,Miami Hurricanes,4-0,76.46,4,7,-1,↓1,"@ #30 Wake Forest Demon Deacons, 33-20 (Wk 3)",63.54,2390
9,Georgia Bulldogs,4-0,76.2,2,21,12,↑12,"vs #46 Oklahoma Sooners, 41-13 (Wk 4)",41.72,61
10,Oregon Ducks,3-1,75.68,13,42,32,↑32,"@ #13 USC Trojans, 41-27 (Wk 4)",76.94,2483
11,Ole Miss Rebels,3-1,73.91,9,2,-9,↓9,"vs #12 LSU Tigers, 32-24 (Wk 3)",63.93,145
12,LSU Tigers,3-1,73.21,10,16,4,↑4,"vs #40 Clemson Tigers, 51-10 (Wk 1)",44.63,99
13,USC Trojans,4-1,71.86,19,3,-10,↓10,"vs #56 Fresno State Bulldogs, 39-0 (Wk 1)",39.24,30
14,Utah Utes,4-0,70.81,12,35,21,↑21,"vs #55 Arkansas Razorbacks, 43-10 (Wk 2)",38.99,254
15,Texas Tech Red Raiders,4-0,69.24,11,23,8,↑8,"vs #41 Houston Cougars, 28-26 (Wk 3)",35.33,2641
16,Pittsburgh Panthers,4-0,69.04,25,14,-2,↓2,"vs #38 UCF Knights, 12-7 (Wk 2)",37.27,221
17,Iowa Hawkeyes,4-0,68.99,20,34,17,↑17,"@ #31 Michigan Wolverines, 20-19 (Wk 4)",55.83,2294
18,Indiana Hoosiers,4-0,67.85,7,31,13,↑13,"vs #51 Northwestern Wildcats, 29-23 (Wk 4)",33.52,84
19,Auburn Tigers,3-1,67.39,,26,7,↑7,"vs #43 Vanderbilt Commodores, 21-15 (Wk 4)",35.55,2
20,Virginia Tech Hokies,4-0,67.38,,9,-11,↓11,"@ #58 Maryland Terrapins, 35-26 (Wk 3)",41.74,259
21,Duke Blue Devils,4-0,67.11,,11,-10,↓10,"@ #65 Illinois Fighting Illini, 31-27 (Wk 2)",38.84,150
22,Cincinnati Bearcats,4-0,67.05,,33,11,↑11,"vs #44 Kansas State Wildcats, 31-26 (Wk 4)",35.09,2132
23,Nebraska Cornhuskers,4-0,66.53,,43,20,↑20,"@ #49 Michigan State Spartans, 31-13 (Wk 4)",48.53,158
24,Wisconsin Badgers,3-1,65.08,,67,43,↑43,"@ #37 Penn State Nittany Lions, 24-20 (Wk 4)",58.41,275
25,Ohio State Buckeyes,3-1,65.02,5,39,14,↑14,"vs #65 Illinois Fighting Illini, 42-19 (Wk 4)",36.12,194
26,BYU Cougars,3-0,64.96,8,15,-11,↓11,,,252
27,James Madison Dukes,4-0,63.13,,32,5,↑5,,,256
28,North Dakota State Bison,4-0,62.52,,20,-8,↓8,,,2449
29,Kentucky Wildcats,3-1,62.35,,18,-11,↓11,,,96
30,Wake Forest Demon Deacons,3-1,62.16,,40,10,↑10,,,154
31,Michigan Wolverines,3-1,61.81,,13,-18,↓18,,,130
32,Missouri Tigers,3-1,61.74,14,17,-15,↓15,,,142
33,West Virginia Mountaineers,3-1,61.59,,22,-11,↓11,,,277
34,Tennessee Volunteers,3-1,60.95,15,19,-15,↓15,,,2633
35,Boise State Broncos,3-1,60.89,23,49,14,↑14,,,68
36,Tulsa Golden Hurricane,3-1,60.86,,24,-12,↓12,,,202
37,Penn State Nittany Lions,3-1,60.53,,12,-25,↓25,,,213
38,UCF Knights,3-1,60.29,,46,8,↑8,,,2116
39,South Florida Bulls,4-0,59.97,,36,-3,↓3,,,58
40,Clemson Tigers,3-1,59.81,,45,5,↑5,,,228
41,Houston Cougars,3-1,59.55,22,55,14,↑14,,,248
42,Minnesota Golden Gophers,3-1,58.12,,63,21,↑21,,,135
43,Vanderbilt Commodores,3-1,57.81,,27,-16,↓16,,,238
44,Kansas State Wildcats,3-1,57.27,,30,-14,↓14,,,2306
45,Virginia Cavaliers,3-1,56.83,,52,7,↑7,,,258
46,Oklahoma Sooners,2-2,56.61,,29,-17,↓17,,,201
47,Baylor Bears,3-1,55.76,,59,12,↑12,,,239
48,Texas A&M Aggies,2-2,55.27,,28,-20,↓20,,,245
49,Michigan State Spartans,2-2,54.55,,44,-5,↓5,,,127
50,Massachusetts Minutemen,4-0,54.54,,61,11,↑11,,,113
51,Northwestern Wildcats,2-1,54.46,,41,-10,↓10,,,77
52,Arizona Wildcats,3-1,53.89,,65,13,↑13,,,12
53,Memphis Tigers,3-1,53.85,,57,4,↑4,,,235
54,SMU Mustangs,3-1,53.57,24,50,-4,↓4,,,2567
55,Arkansas Razorbacks,2-2,53.09,,93,38,↑38,,,8
56,Fresno State Bulldogs,3-1,52.93,,58,2,↑2,,,278
57,North Carolina Tar Heels,2-1,52.7,,53,-4,↓4,,,153
58,Maryland Terrapins,2-2,52.61,,25,-33,↓33,,,120
59,UTSA Roadrunners,3-1,52.22,,73,14,↑14,,,2636
60,Louisville Cardinals,2-2,51.45,,37,-23,↓23,,,97
61,NC State Wolfpack,2-2,51.35,,94,33,↑33,,,152
62,Washington Huskies,3-1,50.96,,48,-14,↓14,,,264
63,Liberty Flames,3-1,50.7,,82,19,↑19,,,2335
64,Louisiana Ragin' Cajuns,3-1,50.36,,80,16,↑16,,,309
65,Illinois Fighting Illini,2-2,50.32,,56,-9,↓9,,,356
66,New Mexico Lobos,3-1,50.22,,69,3,↑3,,,167
67,Georgia State Panthers,3-1,49.96,,74,7,↑7,,,2247
68,South Carolina Gamecocks,2-2,48.9,,54,-14,↓14,,,2579
69,Florida Atlantic Owls,3-1,48.86,,72,3,↑3,,,2226
70,Arizona State Sun Devils,2-1,48.34,,62,-8,↓8,,,9
71,App State Mountaineers,3-1,48.19,,47,-24,↓24,,,2026
72,Tulane Green Wave,2-2,47.63,,71,-1,↓1,,,2655
73,California Golden Bears,2-2,47.55,,60,-13,↓13,,,25
74,Army Black Knights,2-1,47.29,,90,16,↑16,,,349
75,Iowa State Cyclones,2-2,46.98,,66,-9,↓9,,,66
76,TCU Horned Frogs,2-2,46.88,,70,-6,↓6,,,2628
77,Boston College Eagles,2-2,46.85,,75,-2,↓2,,,103
78,Toledo Rockets,3-1,46.74,,83,5,↑5,,,2649
79,Marshall Thundering Herd,3-1,46.37,,64,-15,↓15,,,276
80,UConn Huskies,2-2,46.13,,51,-29,↓29,,,41
81,Air Force Falcons,2-1,45.94,,89,8,↑8,,,2005
82,North Texas Mean Green,2-2,45.83,,85,3,↑3,,,249
83,Oregon State Beavers,2-2,45.53,,108,25,↑25,,,204
84,Jacksonville State Gamecocks,3-2,45.34,,97,13,↑13,,,55
85,Florida State Seminoles,2-2,45.29,,79,-6,↓6,,,52
86,Colorado State Rams,2-2,44.4,,81,-5,↓5,,,36
87,Stanford Cardinal,2-2,44.37,,86,-1,↓1,,,24
88,UNLV Rebels,2-2,44.12,,92,4,↑4,,,2439
89,Colorado Buffaloes,2-2,44.04,,68,-21,↓21,,,38
90,Miami (OH) RedHawks,2-2,43.61,,114,24,↑24,,,193
91,South Alabama Jaguars,2-2,42.99,,84,-7,↓7,,,6
92,Texas State Bobcats,2-2,42.95,,101,9,↑9,,,326
93,UAB Blazers,2-2,42.88,,111,18,↑18,,,5
94,Syracuse Orange,1-2,41.22,,91,-3,↓3,,,183
95,San José State Spartans,2-2,41.21,,96,1,↑1,,,23
96,East Carolina Pirates,2-2,40.89,,87,-9,↓9,,,151
97,Florida International Panthers,2-2,40.78,,102,5,↑5,,,2229
98,Delaware Blue Hens,2-2,40.69,,78,-20,↓20,,,48
99,Ohio Bobcats,2-2,40.48,,99,0,—,,,195
100,Troy Trojans,2-2,40.12,,76,-24,↓24,,,2653
101,Kansas Jayhawks,1-2,40.01,,98,-3,↓3,,,2305
102,Western Michigan Broncos,2-2,39.89,,77,-25,↓25,,,2711
103,Middle Tennessee Blue Raiders,2-2,39.53,,88,-15,↓15,,,2393
104,Arkansas State Red Wolves,2-2,39.25,,120,16,↑16,,,2032
105,Wyoming Cowboys,2-2,38.6,,127,22,↑22,,,2751
106,Rutgers Scarlet Knights,1-3,38.35,,112,6,↑6,,,164
107,Purdue Boilermakers,1-3,37.3,,95,-12,↓12,,,2509
108,Utah State Aggies,1-3,37.14,,132,24,↑24,,,328
109,Louisiana Tech Bulldogs,1-2,37.12,,113,4,↑4,,,2348
110,Central Michigan Chippewas,2-2,36.77,,100,-10,↓10,,,2117
111,Navy Midshipmen,1-2,36.5,,104,-7,↓7,,,2426
112,Hawai'i Rainbow Warriors,1-3,35.37,,109,-3,↓3,,,62
113,San Diego State Aztecs,1-3,35.17,,107,-6,↓6,,,21
114,Georgia Tech Yellow Jackets,1-3,34.83,,103,-11,↓11,,,59
115,Nevada Wolf Pack,1-3,34.24,,117,2,↑2,,,2440
116,Temple Owls,1-3,34.04,,110,-6,↓6,,,218
117,Georgia Southern Eagles,1-3,33.84,,118,1,↑1,,,290
118,Coastal Carolina Chanticleers,1-3,33.47,,105,-13,↓13,,,324
119,Washington State Cougars,1-3,33.38,,115,-4,↓4,,,265
120,Kent State Golden Flashes,2-2,33.0,,134,14,↑14,,,2309
121,Eastern Michigan Eagles,2-3,32.93,,125,4,↑4,,,2199
122,Buffalo Bulls,2-2,32.4,,129,7,↑7,,,2084
123,Sam Houston Bearkats,1-3,32.31,,106,-17,↓17,,,2534
124,Southern Miss Golden Eagles,1-3,31.7,,122,-2,↓2,,,2572
125,Old Dominion Monarchs,1-3,31.54,,116,-9,↓9,,,295
126,Kennesaw State Owls,1-3,31.52,,119,-7,↓7,,,338
127,Rice Owls,1-3,30.19,,124,-3,↓3,,,242
128,Missouri State Bears,1-3,30.14,,128,0,—,,,2623
129,New Mexico State Aggies,1-3,30.05,,121,-8,↓8,,,166
130,Akron Zips,1-3,29.27,,126,-4,↓4,,,2006
131,UTEP Miners,1-3,29.09,,123,-8,↓8,,,2638
132,Charlotte 49ers,0-4,27.55,,130,-2,↓2,,,2429
133,Western Kentucky Hilltoppers,1-3,26.25,,137,4,↑4,,,98
134,Ball State Cardinals,1-3,26.08,,131,-3,↓3,,,2050
135,Sacramento State Hornets,1-4,24.49,,133,-2,↓2,,,16
136,Northern Illinois Huskies,0-4,24.22,,136,0,—,,,2459
137,UL Monroe Warhawks,0-4,23.36,,135,-2,↓2,,,2433
138,Bowling Green Falcons,0-4,21.52,,138,0,—,,,189
